{"cameraMode":{"drawMode":0,"name":"Shaded","section":"Shading Mode"},"sceneLighting":false,"audioPlay":false,"sceneViewState":{"showFog":true,"showMaterialUpdate":false,"showSkybox":false,"showFlares":true,"showImageEffects":true,"showParticleSystems":true},"in2DMode":false,"pivot":{"x":0.0,"y":1.3874281644821168,"z":-0.000001430511474609375},"rotation":{"x":0.223895862698555,"y":0.6294651031494141,"z":-0.19637145102024079,"w":0.7176926136016846},"size":8.134208679199219,"orthographic":true}